month,notices,fine_total_brl,excluded,missing_key
1980-11,0,0,0,0
1980-12,2,4.308312727e-09,0,0
1981-01,2,1.099433091e-07,0,0
1981-02,5,2.382822545e-08,0,0
1981-03,0,0,0,0
1981-04,3,4.262e-09,0,0
1981-05,2,4.409090909e-09,0,0
1981-06,4,9.080509091e-09,0,0
1981-07,9,5.243287273e-08,0,0
1981-08,10,1.613982909e-07,0,0
1981-09,18,7.580109091e-08,0,0
1981-10,19,1.391657818e-07,0,0
1981-11,8,2.024149818e-08,0,0
1981-12,18,1.340348e-07,0,0
1982-01,11,8.338363636e-08,0,0
1982-02,22,1.327054182e-07,0,0
1982-03,11,1.191330909e-07,0,0
1982-04,11,4.73188e-08,0,0
1982-05,23,3.672425455e-07,0,0
1982-06,14,5.207591273e-07,0,0
1982-07,21,2.026074909e-07,0,0
1982-08,32,4.176285091e-07,0,0
1982-09,49,7.732755382e-07,0,0
1982-10,34,4.785976727e-07,1,0
1982-11,44,7.937362909e-07,0,0
1982-12,22,3.436859636e-07,0,0
1983-01,2,4.898181818e-08,0,0
1983-02,15,2.720670182e-07,0,0
1983-03,14,5.382967273e-07,0,0
1983-04,10,2.868837818e-07,0,0
1983-05,6,6.138330909e-08,0,0
1983-06,15,5.985101491e-07,0,0
1983-07,11,1.116201567e-06,0,0
1983-08,14,8.883712727e-07,0,0
1983-09,7,2.665807745e-07,0,0
1983-10,19,2.517166909e-06,1,0
1983-11,12,7.890516364e-07,0,0
1983-12,9,4.508130909e-07,0,0
1984-01,12,2.138523673e-07,1,0
1984-02,16,2.653651636e-06,0,0
1984-03,9,1.993664e-06,0,0
1984-04,11,8.952269091e-07,0,0
1984-05,14,2.437145455e-06,0,0
1984-06,21,2.755534982e-06,0,0
1984-07,17,4.168014691e-06,0,0
1984-08,21,3.191751964e-06,0,0
1984-09,28,1.698709891e-06,0,0
1984-10,25,5.522708109e-06,0,0
1984-11,35,5.419411418e-06,0,0
1984-12,41,3.253862538e-06,0,0
1985-01,42,4.304014909e-06,0,0
1985-02,45,5.087494462e-06,0,0
1985-03,54,9.399872076e-06,0,0
1985-04,42,3.225981589e-06,0,0
1985-05,57,8.114731011e-06,0,0
1985-06,56,6.620368131e-06,0,0
1985-07,53,1.367949472e-05,0,0
1985-08,59,2.486863383e-05,1,0
1985-09,89,2.72933776e-05,0,0
1985-10,63,1.947726472e-05,0,0
1985-11,48,1.140147599e-05,1,0
1985-12,51,8.75527304e-06,0,0
1986-01,32,1.328168304e-05,0,0
1986-02,61,1.991762721e-05,1,0
1986-03,42,0.0003215835455,1,0
1986-04,82,0.0001786584,1,0
1986-05,37,4.188867636e-05,0,0
1986-06,53,0.001636000331,0,0
1986-07,39,3.003728727e-05,1,0
1986-08,55,5.429067636e-05,0,0
1986-09,67,0.0006279052,1,0
1986-10,83,0.0007314221127,0,0
1986-11,39,0.0004883822073,2,0
1986-12,20,3.093932e-05,0,0
1987-01,26,4.678764727e-05,0,0
1987-02,39,0.002640330709,0,0
1987-03,35,0.0007133545236,0,0
1987-04,40,0.0003145871236,0,0
1987-05,56,0.0003596201527,0,0
1987-06,54,0.0002744758836,0,0
1987-07,48,0.0002834180182,0,0
1987-08,50,0.0005723697491,0,0
1987-09,116,0.0006125387418,0,0
1987-10,127,0.001040658702,0,0
1987-11,58,0.004479879578,1,0
1987-12,179,0.002084114862,0,0
1988-01,123,0.003116286862,0,0
1988-02,170,0.001644601851,0,0
1988-03,166,0.02034575641,0,0
1988-04,215,0.002004482404,0,0
1988-05,271,0.007027587491,0,0
1988-06,258,0.009705882444,1,0
1988-07,220,0.006347642775,1,0
1988-08,276,0.01067024488,1,0
1988-09,275,0.01318207904,0,0
1988-10,327,0.03505219601,0,0
1988-11,240,0.02319329612,0,0
1988-12,67,0.006985365513,0,0
1989-01,30,1.638920635,0,0
1989-02,33,0.06891659636,0,0
1989-03,58,0.2588554655,0,0
1989-04,66,0.05034122909,1,0
1989-05,103,0.08759594182,0,0
1989-06,78,0.22714516,0,0
1989-07,364,0.9433669273,0,0
1989-08,253,0.41047196,0,0
1989-09,145,0.1898547418,0,0
1989-10,113,0.2291031745,0,0
1989-11,81,0.2106526036,0,0
1989-12,98,0.6324578145,0,0
1990-01,195,1.424785345,0,0
1990-02,344,2.913086324,1,0
1990-03,162,1.610397291,0,0
1990-04,259,8.904563222,1,0
1990-05,286,15.2934808,0,0
1990-06,228,4.36251444,0,0
1990-07,305,2.104667051,2,0
1990-08,265,0.9048752509,1,0
1990-09,271,2.159776404,2,0
1990-10,336,2.069789825,1,0
1990-11,254,1.531386011,0,0
1990-12,472,2.852435327,2,0
1991-01,507,4.311127142,0,0
1991-02,402,14.71511918,1,0
1991-03,178,8.714613335,5,0
1991-04,156,38.980404,1,0
1991-05,112,16.98932196,0,0
1991-06,152,8.683665655,1,0
1991-07,99,5.999007218,0,0
1991-08,111,18.17001945,3,0
1991-09,100,13.97440437,0,0
1991-10,117,31.1664407,0,0
1991-11,86,32.08168834,0,0
1991-12,90,75.48261418,0,0
1992-01,94,62.76287754,2,0
1992-02,86,8.7946248,0,0
1992-03,72,20.4635546,0,0
1992-04,133,320.0228562,3,0
1992-05,91,47.88415476,6,0
1992-06,82,24.39986335,3,0
1992-07,103,37.87828691,3,0
1992-08,87,2464.565969,1,0
1992-09,88,503.9061677,1,0
1992-10,73,1062.642301,0,0
1992-11,67,41.97466271,3,0
1992-12,65,493.2100894,0,0
1993-01,58,1137.428794,0,0
1993-02,34,38.38217109,1,0
1993-03,72,934.3411352,0,0
1993-04,46,172.0772023,0,0
1993-05,35,125.223902,0,0
1993-06,40,103.682741,0,0
1993-07,58,220.2724471,0,0
1993-08,287,17367.48009,4,0
1993-09,202,5262.001789,2,0
1993-10,189,7736.936102,0,0
1993-11,155,62225.26949,1,0
1993-12,126,18037.93342,2,0
1994-01,125,6988.943251,0,0
1994-02,125,7328.486673,3,0
1994-03,157,101235.8324,0,0
1994-04,103,15149.57127,2,0
1994-05,148,24009.7225,1,0
1994-06,169,13089.62995,3,0
1994-07,148,840393.86,1,0
1994-08,207,1054508.86,4,0
1994-09,287,693761.73,6,0
1994-10,200,421805.88,2,0
1994-11,244,395603.95,5,0
1994-12,157,333704.93,2,0
1995-01,141,115082.48,3,0
1995-02,172,223384.18,2,0
1995-03,302,5414763.34,3,0
1995-04,281,265022.55,4,0
1995-05,288,329304.06,2,0
1995-06,306,271963.24,7,0
1995-07,330,605686.57,2,0
1995-08,413,676250.41,3,0
1995-09,419,703061.93,4,0
1995-10,420,630103.77,3,0
1995-11,374,418172.23,3,0
1995-12,266,309600.89,7,0
1996-01,2343,2199037.01,6,0
1996-02,2893,2085376.71,10,0
1996-03,2962,3225592.59,13,0
1996-04,3181,4114939.88,15,0
1996-05,2755,4623857.35,16,0
1996-06,2518,4334271.22,10,0
1996-07,2974,4901498.57,22,0
1996-08,3332,5937446.98,20,0
1996-09,3417,7227670.58,19,0
1996-10,3289,7676927.05,17,0
1996-11,3717,3072051.08,23,0
1996-12,3084,5476205.14,15,0
1997-01,2843,6929335,21,0
1997-02,2866,2529894.27,14,0
1997-03,3463,2945644.56,20,0
1997-04,2971,2775497.83,23,0
1997-05,2946,2980183.36,68,0
1997-06,2355,2788235.2,22,0
1997-07,2851,5828082.38,31,0
1997-08,3345,4787170.78,42,0
1997-09,4071,5322435.43,29,0
1997-10,3830,4691836.06,39,0
1997-11,3429,3572183.83,31,0
1997-12,2423,2478329.6,28,0
1998-01,2683,1376027.05,21,0
1998-02,2864,1457507.87,16,0
1998-03,3361,2897304.3,35,0
1998-04,2739,2557294.27,28,0
1998-05,2699,3357927.41,52,0
1998-06,2806,3177200.65,23,0
1998-07,2809,4551600.45,30,0
1998-08,2588,10699418.25,30,0
1998-09,2928,3824626.65,35,0
1998-10,2498,2291599.21,32,0
1998-11,2950,2850252.21,46,0
1998-12,2292,2093053.87,32,0
1999-01,2019,77006344.14,60,0
1999-02,1920,3196979.17,35,0
1999-03,2885,3593936.32,50,0
1999-04,2550,6618418.47,40,0
1999-05,3033,4781852.97,53,0
1999-06,2800,4107935.49,36,0
1999-07,3260,5601058.96,58,0
1999-08,3500,5323180.5,51,0
1999-09,4581,14759065.22,70,0
1999-10,3129,37501161.31,38,0
1999-11,2350,24071492.63,44,0
1999-12,1867,17561719.62,27,0
2000-01,1731,61495521.76,28,0
2000-02,2248,17053431.02,39,0
2000-03,2330,17735187.53,56,0
2000-04,1917,34219260.97,60,0
2000-05,1461,110465632.7,26,0
2000-06,1838,20448222.21,84,0
2000-07,2122,42736060.47,84,0
2000-08,2633,211116761.9,80,0
2000-09,2189,25470590.46,50,0
2000-10,2312,44860946.89,42,0
2000-11,2003,36577349.05,39,0
2000-12,1503,17566969.7,23,0
2001-01,1445,8437928.64,11,0
2001-02,1374,7786417.8,17,0
2001-03,1889,28438662.26,38,0
2001-04,1916,44167477.98,36,0
2001-05,1879,26876929.59,41,0
2001-06,2032,21559770.11,35,0
2001-07,2504,57261397.64,60,0
2001-08,2879,52353651.38,67,0
2001-09,2377,101261358.9,62,0
2001-10,2610,102603867.8,63,0
2001-11,2643,41585268.7,86,0
2001-12,2669,40177740.13,81,0
2002-01,2220,98886093.81,54,0
2002-02,2141,34254931.81,63,0
2002-03,2819,51563978.58,64,0
2002-04,2930,21835311.92,79,0
2002-05,3206,40461374.85,73,0
2002-06,3131,32044489.59,90,0
2002-07,3585,39368883.65,92,0
2002-08,3591,56337701.64,91,0
2002-09,3600,69045510.38,148,0
2002-10,4183,81962703.93,120,0
2002-11,3404,32558551.96,103,0
2002-12,1799,61133272.98,60,0
2003-01,1223,17968429.76,41,0
2003-02,1266,16846149.34,42,0
2003-03,1251,26647663.92,68,0
2003-04,1452,24967470.05,94,0
2003-05,1706,31128042.91,65,0
2003-06,1793,52708043.38,55,0
2003-07,1728,24328278.59,57,0
2003-08,1891,48556534.33,57,0
2003-09,2697,70525394,93,0
2003-10,3114,91592933.4,82,0
2003-11,1347,29847614.32,95,0
2003-12,1785,47316077.83,54,0
2004-01,1712,20459794.6,44,0
2004-02,1832,21865395.46,49,0
2004-03,2196,121995167.9,64,0
2004-04,1940,34344283.12,52,0
2004-05,2140,37290111.04,76,0
2004-06,2312,42073964.47,167,0
2004-07,2533,53925268.8,203,0
2004-08,2767,123940162.9,197,0
2004-09,2358,112733681.2,78,0
2004-10,1382,33939795.6,46,0
2004-11,2478,74601713.64,91,0
2004-12,2386,133148906.7,87,0
2005-01,1708,71877171.8,46,0
2005-02,1958,41222662.95,55,0
2005-03,2615,81496257.43,88,0
2005-04,2618,116057725.7,99,0
2005-05,2661,107358697.3,108,0
2005-06,2634,160505379.6,94,0
2005-07,2887,217835891.1,71,0
2005-08,3156,185608927.1,132,0
2005-09,3064,152001224.2,138,0
2005-10,3045,686054063.4,93,0
2005-11,3409,159404059.6,67,0
2005-12,2279,113164764.8,79,0
2006-01,1432,29722837.9,51,0
2006-02,2125,93410527.28,108,0
2006-03,2027,81491770.52,95,0
2006-04,1563,130686658.9,74,0
2006-05,942,68415965.89,29,0
2006-06,1574,155559986.7,75,0
2006-07,1992,91799697.12,120,0
2006-08,3005,132574466.3,130,0
2006-09,2635,261638900.5,116,0
2006-10,2779,124498275.7,131,0
2006-11,2607,197606880.3,90,0
2006-12,2209,79505197.63,74,0
2007-01,1764,96400295,55,0
2007-02,1727,86299592.54,140,0
2007-03,2248,186932705.8,149,0
2007-04,2383,300372154.4,183,0
2007-05,1790,140857918.1,69,0
2007-06,1742,184085264.1,72,0
2007-07,1905,108530084.1,69,0
2007-08,2839,202965519.3,135,0
2007-09,2574,145425985.4,93,0
2007-10,3513,235140105.8,127,0
2007-11,3060,263752052.4,94,0
2007-12,2166,193255929.2,95,0
2008-01,1807,109483367.1,51,0
2008-02,2069,167399329.6,68,0
2008-03,2419,276974251.4,74,0
2008-04,2804,200883500.8,86,0
2008-05,2514,257214403.1,74,0
2008-06,2668,891521944.5,112,0
2008-07,2621,372633369.1,79,0
2008-08,2652,312367286.2,79,0
2008-09,2887,371161069,109,0
2008-10,3167,321834607,122,0
2008-11,2703,312466564.5,119,0
2008-12,1952,316092974.8,80,0
2009-01,957,64514437.59,53,0
2009-02,1334,206042398.3,53,0
2009-03,2287,177953588.8,96,0
2009-04,1894,248986909,69,0
2009-05,2031,686900553.4,56,0
2009-06,2297,254851377.7,74,0
2009-07,1901,430447997.2,72,0
2009-08,2193,302475823.3,82,0
2009-09,2210,332083593.5,71,0
2009-10,1958,188292858.5,85,0
2009-11,1871,200247596.9,57,0
2009-12,1546,318583315.2,38,0
2010-01,786,53967624.5,38,0
2010-02,1445,75220293.67,62,0
2010-03,2589,504187421.6,106,0
2010-04,1238,132815922.8,45,0
2010-05,1295,107366617.5,46,0
2010-06,1819,267346694.6,56,0
2010-07,1642,195298409.4,51,0
2010-08,1859,212739768.6,57,0
2010-09,2403,401116034.4,62,0
2010-10,2126,228639779.1,42,0
2010-11,2028,271216036.5,39,0
2010-12,1488,115926011.9,62,0
2011-01,1031,202465625.9,35,0
2011-02,1783,286834877.3,30,0
2011-03,2023,264799795.6,55,0
2011-04,1907,181474778.2,61,0
2011-05,1707,210525786.8,48,0
2011-06,1715,386924530.8,27,0
2011-07,1668,451865386.5,34,0
2011-08,1498,182787759.5,35,0
2011-09,1884,176436197.8,28,0
2011-10,1755,243749874.2,36,0
2011-11,1796,755360693.4,44,0
2011-12,1285,152956452.6,31,0
2012-01,851,66105321.39,27,0
2012-02,1160,151382708.8,25,0
2012-03,1997,215502069.1,54,0
2012-04,1735,149489138.8,47,0
2012-05,2064,346446862.7,30,0
2012-06,1767,133701730.1,57,0
2012-07,1464,161181137.4,50,0
2012-08,1859,225611222.7,37,0
2012-09,1368,424027522.6,25,0
2012-10,1655,675004008.3,22,0
2012-11,1496,377732096.1,27,0
2012-12,1147,110765760,15,0
2013-01,695,116942743.2,10,0
2013-02,711,157751474.7,21,0
2013-03,1152,280543561.8,15,0
2013-04,1485,340292257.1,20,0
2013-05,1737,260600048.3,27,0
2013-06,1676,256097564.2,29,0
2013-07,1257,320254476.7,10,0
2013-08,1319,224653270.5,28,0
2013-09,1270,299168924.7,19,0
2013-10,1449,248530452.1,13,0
2013-11,1515,279893477.4,27,0
2013-12,1652,135012679.5,47,0
2014-01,471,39731167.35,7,0
2014-02,1143,155811891.8,59,0
2014-03,1208,180990053.5,61,0
2014-04,1194,286725367.2,39,0
2014-05,1019,196373401.2,16,0
2014-06,1277,269097495.3,47,0
2014-07,1060,329142642.6,32,0
2014-08,1382,257023375.7,36,0
2014-09,1634,292927956.3,73,0
2014-10,1684,224415597.8,59,0
2014-11,1592,326779181.2,52,0
2014-12,1110,274984028,37,0
2015-01,678,48774603.32,29,0
2015-02,1031,161863317.5,46,0
2015-03,1601,210093946,47,0
2015-04,1507,278930476.3,61,0
2015-05,1731,322570679.2,68,0
2015-06,1401,211006326,49,0
2015-07,1518,355765822.3,170,0
2015-08,1522,182026372.6,69,0
2015-09,1327,164430440.7,57,0
2015-10,1229,232178990.9,45,0
2015-11,1534,519599445.9,55,0
2015-12,1481,153587419.5,70,0
2016-01,724,60100283.38,24,0
2016-02,1100,172001523.2,44,0
2016-03,1581,240664767.5,59,0
2016-04,1635,311795840.2,68,0
2016-05,1670,240303258,76,0
2016-06,1525,279957557.4,60,0
2016-07,1806,431576883.4,84,0
2016-08,1696,482054613.2,60,0
2016-09,1572,281712026.6,71,0
2016-10,1527,430702919.8,80,0
2016-11,1364,409107323.6,61,0
2016-12,884,132315733.7,52,0
2017-01,505,82764044.45,28,0
2017-02,1157,274621004.4,58,0
2017-03,1644,459484984.5,81,0
2017-04,1014,208440457.6,69,0
2017-05,1411,245024444.6,135,0
2017-06,1344,188963646.4,296,0
2017-07,1051,264387114.1,151,0
2017-08,1158,299856222.9,195,0
2017-09,1674,298936807.3,119,0
2017-10,2191,189839894.3,126,0
2017-11,1276,178910490.3,168,1
2017-12,933,161875764.2,101,0
2018-01,540,94543872.12,86,0
2018-02,1014,127198889.8,100,0
2018-03,1483,356312971.2,71,0
2018-04,1454,426267845.1,455,0
2018-05,1375,664575310.5,396,0
2018-06,1387,252627222.7,232,0
2018-07,1298,272010004.3,354,0
2018-08,1462,305548790.1,473,0
2018-09,1248,247111268.3,300,0
2018-10,1160,123809978,345,0
2018-11,1217,292002475.9,249,0
2018-12,939,221686057.9,246,0
2019-01,370,288169891.9,127,0
2019-02,979,177415320.1,35,0
2019-03,1076,232183933.5,192,0
2019-04,1300,171768940.1,431,0
2019-05,1865,231871276.6,220,0
2019-06,1194,396171056.9,439,0
2019-07,796,189125801,150,0
2019-08,1259,375950857.2,146,1
2019-09,1191,392543866.8,127,2
2019-10,777,305035336.1,92,35
2019-11,840,232770685.8,63,35
2019-12,833,249993890.3,28,14
2020-01,461,59673319.08,21,5
2020-02,862,168600238.9,36,18
2020-03,847,173168008.6,44,26
2020-04,726,103071379.9,34,27
2020-05,742,78064476.58,48,29
2020-06,819,328315138.4,35,27
2020-07,705,180575977.2,25,18
2020-08,706,134637034.1,45,31
2020-09,815,274191862.3,43,39
2020-10,751,321018071.3,39,32
2020-11,842,210901336.4,41,40
2020-12,786,156017850.9,60,51
2021-01,288,21033947.63,11,10
2021-02,520,45275873.33,23,19
2021-03,810,136154758,42,28
2021-04,602,189277285.2,37,31
2021-05,715,147476683.4,55,39
2021-06,743,256071219,43,26
2021-07,642,229726950.2,44,38
2021-08,847,313983974.7,47,39
2021-09,1033,232000869.3,47,26
2021-10,767,258600689.8,30,28
2021-11,1146,595421387.8,70,54
2021-12,1050,221085965.9,50,35
2022-01,389,70960277.93,11,9
2022-02,684,93374698.32,38,29
2022-03,963,146828791.3,28,25
2022-04,1006,256712505.9,58,46
2022-05,987,308729707.9,54,38
2022-06,1022,306553048.7,48,34
2022-07,1030,155131789.3,55,45
2022-08,1524,479209030.9,57,50
2022-09,1264,286522677.7,38,28
2022-10,1216,384920823,42,38
2022-11,1203,301695457.6,42,36
2022-12,1051,249375119,43,29
2023-01,1036,136533789.6,64,58
2023-02,1120,227058577.7,31,30
2023-03,1464,305295962.2,79,66
2023-04,1549,751837950.1,71,72
2023-05,1930,530167206.1,92,79
2023-06,1445,723419652.3,58,70
2023-07,1327,451547317.5,58,71
2023-08,1301,483263054.8,72,61
2023-09,1114,328641456.8,56,59
2023-10,1409,384516413.4,77,62
2023-11,1673,387114983.9,88,99
2023-12,1018,262656671,60,56
2024-01,454,43427725.39,21,17
2024-02,432,198417877.6,9,10
2024-03,608,176338875.2,38,57
2024-04,630,197008842.9,60,65
2024-05,1056,361784063.6,95,107
2024-06,892,308098779,33,47
2024-07,685,183216670.8,25,37
2024-08,964,404259070.6,60,78
2024-09,1627,826328315.3,91,108
2024-10,1633,734232832.7,92,100
2024-11,1432,826995911.4,62,74
2024-12,1255,395186403.5,54,64
2025-01,659,122247738.2,33,40
2025-02,1490,384694844.5,60,71
2025-03,1119,226055073.8,52,51
2025-04,1243,286409542.8,48,70
2025-05,1408,450916686.3,66,90
2025-06,1166,421821213.8,67,71
2025-07,1386,465013735.7,64,86
2025-08,1349,479394390.5,56,95
2025-09,1869,341033599,99,181
2025-10,1304,221112369.9,56,157
2025-11,1299,268381653.3,42,145
2025-12,1271,395404660,66,227
2026-01,931,166136392.3,39,81
2026-02,1129,277782165.6,57,131
2026-03,1721,757408716.5,58,328
2026-04,1111,231366914.3,65,243
2026-05,1559,379738356.4,77,187
2026-06,1357,466681377.2,56,235
2026-07,1380,333465027.8,72,270
2026-08,1187,550835910,75,503
